-- phpMyAdmin SQL Dump
-- version 4.8.2
-- https://www.phpmyadmin.net/
--
-- Host: 127.0.0.1
-- Waktu pembuatan: 11 Mar 2019 pada 06.37
-- Versi server: 10.1.34-MariaDB
-- Versi PHP: 7.2.8

SET SQL_MODE = "NO_AUTO_VALUE_ON_ZERO";
SET AUTOCOMMIT = 0;
START TRANSACTION;
SET time_zone = "+00:00";


/*!40101 SET @OLD_CHARACTER_SET_CLIENT=@@CHARACTER_SET_CLIENT */;
/*!40101 SET @OLD_CHARACTER_SET_RESULTS=@@CHARACTER_SET_RESULTS */;
/*!40101 SET @OLD_COLLATION_CONNECTION=@@COLLATION_CONNECTION */;
/*!40101 SET NAMES utf8mb4 */;

--
-- Database: `db_abraispantai`
--

-- --------------------------------------------------------

--
-- Struktur dari tabel `tb_arus`
--

CREATE TABLE `tb_arus` (
  `id_arus` int(2) NOT NULL,
  `nm_arus` varchar(20) NOT NULL,
  `bbt_arus` double NOT NULL
) ENGINE=InnoDB DEFAULT CHARSET=latin1;

--
-- Dumping data untuk tabel `tb_arus`
--

INSERT INTO `tb_arus` (`id_arus`, `nm_arus`, `bbt_arus`) VALUES
(1, '< 0.2', 9.99),
(2, '0.2 – 0.4', 19.98),
(3, '> 0.4', 30);

-- --------------------------------------------------------

--
-- Struktur dari tabel `tb_datates`
--

CREATE TABLE `tb_datates` (
  `id_dtes` int(5) NOT NULL,
  `id_kawasan` int(5) NOT NULL,
  `id_tahun` int(4) NOT NULL,
  `id_tgelombang` int(1) NOT NULL,
  `id_arus` int(2) NOT NULL,
  `id_vegetasi` int(2) NOT NULL,
  `id_garispantai` int(2) NOT NULL,
  `id_tipopantai` int(2) NOT NULL,
  `id_indikator` int(2) NOT NULL,
  `probabilitas` double NOT NULL
) ENGINE=InnoDB DEFAULT CHARSET=latin1;

--
-- Dumping data untuk tabel `tb_datates`
--

INSERT INTO `tb_datates` (`id_dtes`, `id_kawasan`, `id_tahun`, `id_tgelombang`, `id_arus`, `id_vegetasi`, `id_garispantai`, `id_tipopantai`, `id_indikator`, `probabilitas`) VALUES
(18, 1, 1, 1, 1, 1, 1, 1, 1, 1),
(19, 1, 1, 1, 1, 1, 1, 1, 1, 1),
(20, 4, 3, 3, 3, 3, 3, 2, 3, 1);

-- --------------------------------------------------------

--
-- Struktur dari tabel `tb_dtlatih`
--

CREATE TABLE `tb_dtlatih` (
  `id_dataset` int(5) NOT NULL,
  `id_kawasan` int(5) NOT NULL,
  `id_tahun` int(4) NOT NULL,
  `id_tgelombang` int(1) NOT NULL,
  `id_arus` int(2) NOT NULL,
  `id_vegetasi` int(2) NOT NULL,
  `id_garispantai` int(2) NOT NULL,
  `id_tipopantai` int(2) NOT NULL,
  `id_indikator` int(2) NOT NULL
) ENGINE=InnoDB DEFAULT CHARSET=latin1;

--
-- Dumping data untuk tabel `tb_dtlatih`
--

INSERT INTO `tb_dtlatih` (`id_dataset`, `id_kawasan`, `id_tahun`, `id_tgelombang`, `id_arus`, `id_vegetasi`, `id_garispantai`, `id_tipopantai`, `id_indikator`) VALUES
(16, 1, 1, 1, 2, 1, 1, 1, 1),
(17, 1, 1, 1, 1, 1, 1, 1, 1),
(18, 1, 1, 2, 1, 2, 2, 1, 2),
(19, 1, 1, 3, 3, 2, 2, 2, 3),
(20, 1, 2, 2, 2, 1, 1, 1, 2),
(21, 2, 3, 3, 3, 3, 2, 3, 3),
(22, 1, 1, 2, 2, 1, 1, 1, 3),
(23, 4, 2, 3, 3, 3, 3, 3, 3);

-- --------------------------------------------------------

--
-- Struktur dari tabel `tb_garispantai`
--

CREATE TABLE `tb_garispantai` (
  `id_garispantai` int(2) NOT NULL,
  `nm_garispantai` varchar(20) NOT NULL,
  `bbt_garispantai` double NOT NULL
) ENGINE=InnoDB DEFAULT CHARSET=latin1;

--
-- Dumping data untuk tabel `tb_garispantai`
--

INSERT INTO `tb_garispantai` (`id_garispantai`, `nm_garispantai`, `bbt_garispantai`) VALUES
(1, 'berteluk', 4.99),
(2, 'lurus berteluk', 9.99),
(3, 'lurus', 15);

-- --------------------------------------------------------

--
-- Struktur dari tabel `tb_histori`
--

CREATE TABLE `tb_histori` (
  `id_histori` int(11) NOT NULL,
  `id_kawasan` int(11) NOT NULL,
  `id_tahun` int(11) NOT NULL,
  `id_tgelombang` int(11) NOT NULL,
  `id_arus` int(11) NOT NULL,
  `id_vegetasi` int(11) NOT NULL,
  `id_garispantai` int(11) NOT NULL,
  `id_tipopantai` int(11) NOT NULL,
  `id_indikator` int(11) NOT NULL
) ENGINE=InnoDB DEFAULT CHARSET=latin1;

-- --------------------------------------------------------

--
-- Struktur dari tabel `tb_indikator`
--

CREATE TABLE `tb_indikator` (
  `id_indikator` int(2) NOT NULL,
  `nm_indikator` varchar(10) NOT NULL
) ENGINE=InnoDB DEFAULT CHARSET=latin1;

--
-- Dumping data untuk tabel `tb_indikator`
--

INSERT INTO `tb_indikator` (`id_indikator`, `nm_indikator`) VALUES
(1, 'rendah'),
(2, 'sedang'),
(3, 'tinggi');

-- --------------------------------------------------------

--
-- Struktur dari tabel `tb_kawasan`
--

CREATE TABLE `tb_kawasan` (
  `id_kawasan` int(3) NOT NULL,
  `nm_kawasan` varchar(32) NOT NULL,
  `id_kecamatan` int(5) NOT NULL
) ENGINE=InnoDB DEFAULT CHARSET=latin1;

--
-- Dumping data untuk tabel `tb_kawasan`
--

INSERT INTO `tb_kawasan` (`id_kawasan`, `nm_kawasan`, `id_kecamatan`) VALUES
(1, 'Pekik Nyaring', 1),
(2, 'Pasar Pedati', 1),
(3, 'Pondok Kelapa', 1),
(4, 'padang betuah', 1);

-- --------------------------------------------------------

--
-- Struktur dari tabel `tb_kecamatan`
--

CREATE TABLE `tb_kecamatan` (
  `id_kecamatan` int(5) NOT NULL,
  `nm_kecamatan` varchar(32) NOT NULL,
  `polygon_kec` text NOT NULL
) ENGINE=InnoDB DEFAULT CHARSET=latin1;

--
-- Dumping data untuk tabel `tb_kecamatan`
--

INSERT INTO `tb_kecamatan` (`id_kecamatan`, `nm_kecamatan`, `polygon_kec`) VALUES
(1, 'Pondok Kelapa', 'zz');

-- --------------------------------------------------------

--
-- Struktur dari tabel `tb_pemetaan`
--

CREATE TABLE `tb_pemetaan` (
  `id_kawasan` int(3) NOT NULL,
  `polygon` text NOT NULL,
  `marker` text NOT NULL
) ENGINE=InnoDB DEFAULT CHARSET=latin1;

--
-- Dumping data untuk tabel `tb_pemetaan`
--

INSERT INTO `tb_pemetaan` (`id_kawasan`, `polygon`, `marker`) VALUES
(1, '-3.731117, 102.245647\r\n-3.738417, 102.250022\r\n-3.736799, 102.254849\r\n-3.731256, 102.262142\r\n-3.727207, 102.275359\r\n-3.736665, 102.281708\r\n-3.736611, 102.282909\r\n-3.737425, 102.284669\r\n-3.741461, 102.288574\r\n-3.740930, 102.294788\r\n-3.714682, 102.299666\r\n-3.709547, 102.283927\r\n-3.721090, 102.249124\r\n-3.725983, 102.240837', '-3.725983, 102.240837'),
(2, '-3.706577437291682,102.2837049099023\r\n-3.704537931683443,102.2831136963946 \r\n-3.701713367653571,102.2819196462883\r\n-3.689487327461235,102.2812192656577 \r\n-3.696713637529286,102.2660231620119\r\n-3.699582645913269,102.2506744976417\r\n-3.700702881260964,102.2441453977306\r\n-3.700750744109028,102.2441527082132\r\n-3.700985353779922,102.2442262465819\r\n-3.701123599003218,102.2442848019683\r\n-3.701310420080501,102.2443129869672\r\n-3.701489543631422,102.2444144478547\r\n-3.701667014626188,102.2445149727886\r\n-3.701848768963151,102.2445417134211\r\n-3.702073629479421,102.2445747959796\r\n-3.702251679491782,102.244600991492\r\n-3.702926680978229,102.2449180956291\r\n-3.703011239683314,102.2449151148683 \r\n-3.703342893466688,102.2449523570674\r\n-3.703838635727405,102.2449344330007\r\n-3.704164095434595,102.2449226661371\r\n-3.704565380439068,102.2449081583467\r\n-3.704882066648684,102.2448967094794\r\n-3.705198797441224,102.2448380103022\r\n-3.705511767045682,102.244780008314\r\n-3.705893059933403,102.2447669170388\r\n-3.706201590931908,102.2446636111218\r\n-3.706506528587729,102.2445615082846\r\n-3.706804215193186,102.2445065356943\r\n-3.707094777851003,102.244497879697\r\n-3.707389361659272,102.2443984790094\r\n-3.707680591690793,102.2443002094987\r\n-3.707968526374362,102.2442030519014\r\n-3.708187775612412,102.2440638233214\r\n-3.708401575432082,102.2439702969725\r\n-3.708681469820087,102.243876334352\r\n-3.70889470293288,102.2437403990851\r\n-3.708976081181911,102.2435632239428\r\n-3.708993905214276,102.2433430302947\r\n-3.709075033231196,102.2431666462087\r\n-3.709288716131265,102.242990782405\r\n-3.709559136740908,102.2429037370157\r\n-3.709765279980807,102.2427740089161\r\n-3.709782838572661,102.2425571126425\r\n-3.709731917294888,102.2423827450657\r\n-3.709745981882873,102.2422089859482\r\n-3.709954305981245,102.2420391820638\r\n-3.710096901388837,102.2418692195861\r\n-3.710235241446619,102.2417432058396\r\n-3.710436148366807,102.2416197422368\r\n-3.710576106416639,102.2414525052143\r\n-3.71083656536833,102.2413332748772\r\n-3.711029229496122,102.2412552717615\r\n-3.711284868213412,102.2411381931933\r\n-3.711416774808227,102.2410171074868\r\n-3.711551378375986,102.2408547627424\r\n-3.711685274213181,102.2406932705311\r\n-3.711874692702673,102.2405774862487\r\n-3.71195096618899,102.2403728166737\r\n-3.711964430616445,102.2402065378201\r\n-3.711918508348889,102.2400363723704\r\n-3.711875837556918,102.2398240775412\r\n-3.711829675396108,102.2396529569268\r\n-3.71184656861764,102.2394442762825\r\n-3.711800304888183,102.2392724253327\r\n-3.711813835992416,102.2391052561139\r\n-3.711887109812617,102.238943427855\r\n-3.711781013764246,102.2387653328125\r\n-3.711614012632986,102.2385804497232\r\n-3.711506482852303,102.2384002050535\r\n-3.7115201170675,102.2382316929403\r\n-3.71154056762086,102.2379789201166\r\n-3.711614783998516,102.2378172818919\r\n-3.711862291728326,102.2377609161312\r\n-3.712097098383803,102.2378300403405\r\n-3.712336155725911,102.2378156115286\r\n-3.712466452806436,102.2376638739208\r\n-3.712538025645706,102.237505789117\r\n-3.712554719766382,102.237299509297\r\n-3.712571413327946,102.2370932256237\r\n-3.712526626895309,102.2369202934151\r\n-3.712426646212551,102.2366973285754\r\n-3.712381491964388,102.2365231958585\r\n-3.712398268517684,102.2363158201502\r\n-3.712415044505743,102.2361084404098\r\n-3.712600163189757,102.2360114035356\r\n-3.712767195571334,102.2361208919441\r\n-3.712990102515355,102.2362382633792\r\n-3.713227201247669,102.2361507723651\r\n-3.713293503889732,102.2360375097967\r\n-3.713362925320539,102.2358839071133\r\n-3.71337936512161,102.2356807620217\r\n-3.713451872511924,102.2354872276472\r\n-3.713573406966261,102.2353849583296\r\n-3.713749657400951,102.2352930080483\r\n-3.713924572232391,102.2352017543026\r\n-3.714098165521877,102.2351111890029\r\n-3.714321148151905, 102.235071127747\r\n-3.714491740971941,102.2349818415859\r\n-3.714664260706145,102.2348536997537\r\n-3.71473000446263,102.2347059384546\r\n-3.714897603708436,102.2346187778115\r\n-3.714962734917934,102.2344720337505\r\n-3.714923076445036,102.2343041629374\r\n-3.714942180349505,102.2340681952392\r\n-3.714902445152398,102.2338996091741\r\n-3.714862610204056,102.2337306019028\r\n-3.714769842392879,102.2335494231497\r\n-3.714785838118368,102.2333517903391\r\n-3.714798634448695,102.2331936807987\r\n-3.714817828434786,102.2329565121459\r\n-3.714883383319465,102.2328110788977\r\n-3.715001257225593,102.2326788191782\r\n-3.715206717409529,102.2327689515331\r\n-3.71540700155659,102.2328971935337\r\n-3.715551208372377,102.233050828488\r\n-3.715748104444379, 102.2331766027604\r\n-3.715943090519442,102.2333011571052\r\n-3.716136194289227,102.2334245092073\r\n-3.716327442912016,102.2335466764105\r\n-3.716516862511551,102.2336676759718\r\n-3.716659274422286,102.233738775757\r\n-3.716845550165582,102.2338578608806\r\n-3.71703310186896,102.2339383924779\r\n-3.717268838786417,102.2339914817468\r\n-3.717414971744013,102.2339488766451 \r\n-3.717473464540514,102.2338112816769\r\n-3.717578060855166,102.2336848567922\r\n-3.717767909836025,102.2336544481265\r\n-3.717913605450288,102.233576843969\r\n-3.718043486853995,102.2336824143409\r\n-3.718169521669311,102.233823659728\r\n-3.718247172409394,102.233989920194\r\n-3.718235389670007,102.2341351909235\r\n-3.718220661095284,102.2343167758849\r\n-3.718205932313454,102.2344983575046\r\n-3.718330686905195,102.2346359997872\r\n-3.718407524159157,102.234799456466\r\n-3.71853088382513,102.2349352925557\r\n-3.718653406301008,102.2350702070852\r\n-3.71877510009368,102.2352042094157\r\n-3.718904646937369,102.2352304450011\r\n-3.719041969414298,102.2351499979718\r\n-3.719053495507652,102.2350079874691\r\n-3.719107687894951,102.2348750587314\r\n-3.719283137087885,102.2348405795634\r\n-3.719493142424484,102.2348856868203\r\n-3.71965380650342,102.2349913279341\r\n-3.719733608901245,102.2350438002453\r\n-3.719827190803384,102.2349220267156\r\n-3.719879474303127,102.2347918077695\r\n-3.720007505192402,102.2347493729947\r\n-3.720163840899343,102.2348542308386\r\n-3.720276013929436,102.2349838614972\r\n-3.720262048861127,102.2351558052034\r\n-3.72024808367028,102.2353277459839\r\n-3.720234118355545,102.2354996838555\r\n-3.720263021151435,102.2356451966711\r\n-3.720331775032385,102.2357981753849\r\n-3.720442675566109,102.2359239140858\r\n-3.720552861599451,102.2360488428706\r\n-3.72066233997645,102.2361729695412\r\n-3.720732183435262,102.2362891505353\r\n-3.720798982197827,102.2364386351627\r\n-3.720945403631521,102.2365674221566,\r\n-3.721093311714652,102.2366616078373,\r\n-3.721237262941529,102.2367883735546,\r\n-3.721345110068968,102.2368744334072,\r\n-3.721486957622485,102.236999384123,\r\n-3.72163030763311,102.2370903055884,\r\n-3.721735703235201,102.2371744459081,\r\n-3.721837779441669,102.2372908501147,\r\n-3.721975555577162,102.2374122873658,\r\n-3.72207616015927,102.2375271236034,\r\n-3.722140244210211,102.2376357720434,\r\n-3.722278153605332,102.2377223382347,\r\n-3.722412322168199,102.237840420302,\r\n-3.722515502074258,102.2378882034396,\r\n-3.722650369786,102.2379727925007,\r\n-3.722749511404756,102.2380517354795,\r\n-3.722882497500816,102.2381350774491,\r\n-3.723016998005886,102.2381861146846,\r\n-3.723150430851178,102.238236746765,\r\n-3.723280253349976,102.2383183683735,\r\n-3.723409053082491,102.2383993469409,\r\n-3.723498644260995,102.2385375979929,\r\n-3.723524165147979,102.2386354056319,\r\n-3.723653529065035,102.2386834904256,\r\n-3.723744224332506,102.2387889015922,\r\n-3.723834390201892,102.2388936979423,\r\n-3.723958799967317,102.2389710385339,\r\n-3.724077265929955,102.2391089866208,\r\n-3.724131181602726,102.239238647685,\r\n-3.724219107866885,102.2393408412927,\r\n-3.724304055635424,102.2394728150046,\r\n-3.724390982808902,102.2395737528542,\r\n-3.724446196613492,102.2396709463455,\r\n-3.724532305642072,102.2397708402066,\r\n-3.724648803275885,102.2398731282615,\r\n-3.724764422557823,102.2399746452325,\r\n-3.724851173857612,102.2400428261649,\r\n-3.724967698673551,102.2401133303526,\r\n-3.725083354286895,102.2401833086727,\r\n-3.725165923020314,102.2402797288714,\r\n-3.725280093916294,102.2403486368491,\r\n-3.725395809725707,102.2403877355211,\r\n-3.725508295337646,102.2404557395227,\r\n-3.725557102805327,102.2405769714201,\r\n-3.725605730698238,102.2406977582263,\r\n-3.72568543254822,102.2407910933078,\r\n-3.725800448070203,102.2407991476701,\r\n-3.72588146261288,102.240862792435,\r\n-3.72595969346605,102.2409548341544,\r\n-3.726006932669793,102.2410732990376,\r\n-3.726099733589646,102.2413369749044,\r\n-3.721129027513475,102.2492783058018,\r\n-3.71856624993795,102.2566976713856,\r\n-3.71758966521237,102.2596884090603,\r\n-3.714324478346341,102.2717315568005,\r\n-3.713185273426209,102.2745870742189,\r\n-3.71309283127995,102.2749962633366,\r\n-3.709581087941118,102.2840990369226,\r\n-3.706577437291682,102.2837049099023,', '-3.689469, 102.280765'),
(3, '-3.689644480934433,102.2810843296525\r\n-3.687422997234192,102.2826439322612\r\n-3.685468779099039,102.2834004715254\r\n-3.683628619989244,102.2843530048675\r\n-3.682097496038287,102.2844504448775\r\n-3.680389394479098,102.2838397639334\r\n-3.676707517875442,102.2830185757479\r\n-3.676940048093595,102.2812179655087\r\n-3.677737092351921,102.2788334920452\r\n-3.678862468080701,102.275450386525\r\n-3.679816938296971,102.27195706264\r\n-3.680325363830749,102.269786144104\r\n-3.680553585515383,102.2680215289549\r\n-3.679881581685934,102.2675114728437\r\n-3.678759277124819,102.2671230663657\r\n-3.677960450451666,102.2670208568887\r\n-3.676288445961531,102.2663785757846\r\n-3.674084734337385,102.2655878284718\r\n-3.67325460211829,102.2647605197111\r\n-3.671833920212007,102.2630631406548\r\n-3.671646031685208,102.2618159662808\r\n-3.671639030686897,102.2601097905011\r\n-3.672359476828541,102.2592326263701\r\n-3.672788174193806,102.2583474003593\r\n-3.672604214786686,102.2570932910776\r\n-3.672239057377123,102.2562746379306\r\n-3.671063309892234,102.2554348282199\r\n-3.669249684085417,102.2545083851785\r\n-3.667358716795743,102.2536140078242\r\n-3.665263492910579,102.2532349265548\r\n-3.663673191818749,102.2529805668892\r\n-3.662219927048267,102.2525940220976\r\n-3.660834409685239,102.2530960804167\r\n-3.659323971744534,102.2547225821307\r\n-3.658395445103754,102.2557633284834\r\n-3.656475768600373,102.2593394791453\r\n-3.654497277723601,102.261789406342\r\n-3.653713290579903,102.265253776047\r\n-3.653144861203159,102.2679703267149\r\n-3.652812447264187,102.2703471655409\r\n-3.652182840147022,102.2729000763945\r\n-3.651777035710786,102.2744032036448\r\n-3.651014822437591,102.2767343925473\r\n-3.648830353549813,102.2791528732997\r\n-3.644129670104026,102.2797501345091\r\n-3.639014456311845,102.2796182278688\r\n-3.634605210070633,102.2775996909441\r\n-3.632533186228363,102.274345611036\r\n-3.636132774185789,102.2659808549947\r\n-3.638024830674521,102.2605945559456\r\n-3.642726047675638,102.2595176440455\r\n-3.646039305623965,102.2584424266425\r\n-3.65331311534738,102.2500519026003\r\n-3.656780034735669,102.2385943746846\r\n-3.660207851062013,102.2310173982996\r\n-3.665864855437509,102.2214044194625\r\n-3.666107231725781,102.2216049142793\r\n-3.666348391276573,102.2218044023494\r\n-3.666671774878598,102.2220225942963\r\n-3.66691011941698,102.2222198777805\r\n-3.667229763245435,102.222435425697\r\n-3.667465343487251,102.222630542696\r\n-3.667781311583919,102.222843492945\r\n-3.668089708161622,102.223123374388\r\n-3.668321048722768,102.2233150403874\r\n-3.668460044486748,102.2236237596003\r\n-3.668684069305627,102.2238812983029\r\n-3.668906997106237,102.2241375773829\r\n-3.669207976586651,102.2244098458026\r\n-3.66951242346245,102.2246130764925\r\n-3.669814907319716,102.224814996855\r\n-3.670032412644225,102.2250659288477\r\n-3.670326159665389,102.2253319448501\r\n-3.670546576347594,102.2255137098089\r\n-3.670760591108822,102.2257609650568\r\n-3.671055013075651,102.2259565046012\r\n-3.671347569383486,102.2261508048068\r\n-3.671557819115667,102.2263943965324\r\n-3.671686842039094,102.2266875031954\r\n-3.672309742204059,102.227408177396\r\n-3.672589013727698,102.2276602137024\r\n-3.672871771429783,102.2278458758041\r\n-3.673074862777488,102.2280813436724\r\n-3.673349380906915,102.2283291454773\r\n-3.673555452499668,102.2284979158175\r\n-3.67382700805507,102.2287430970836\r\n-3.674030868817565,102.228910004734\r\n-3.67429950928475,102.2291526074162\r\n-3.674496058530238,102.229381294122\r\n-3.674766966979305,102.2295577478349\r\n-3.674961401887154,102.2297842922537\r\n-3.675224366278851,102.2300216678647\r\n-3.675554644396187,102.2302692397558\r\n-3.67581403923645,102.230503546374\r\n-3.676076923662466,102.2306739830761\r\n-3.67633823471877,102.2308433999166\r\n-3.676603005513117,102.2309497162421\r\n-3.676866202609645,102.2310554005652\r\n-3.677122849640676,102.231222180074\r\n-3.67737797919629,102.2313879735394\r\n-3.677631604591588,102.2315527896831\r\n-3.677883739214774,102.2317166371601\r\n-3.678074338516053,102.2318083713395\r\n-3.678323888814274,102.2319706334949\r\n-3.678576894017888,102.2320712641843\r\n-3.678818637220687,102.2322923282281\r\n-3.679000245189453,102.232442190131\r\n-3.67923953896175,102.2326610617383\r\n-3.679477451865938,102.2328786705337\r\n-3.679713995549665,102.2330950274063\r\n-3.679886885482835,102.233301274008\r\n-3.679996903561155,102.2334979180765\r\n-3.680168566945802,102.2337025618087\r\n-3.68027297626848,102.2339573543881\r\n-3.680509691891166,102.2341092256412\r\n-3.680679162755745,102.2343112566803\r\n-3.68090877852861,102.2345203341059\r\n-3.681081329514226, 102.2346616574274\r\n-3.681313431460715,102.2348100460194\r\n-3.681544228806561,102.2349576008245\r\n-3.681773733143096,102.2351043289442\r\n-3.682006669740747,102.2351920598323\r\n-3.682233606958424,102.2353373175339\r\n-3.682395943327578,102.2355325718291\r\n-3.682562285944639,102.2356692396598\r\n-3.682723263741448,102.2358629925383\r\n-3.683253816914896,102.2361319682087\r\n-3.683426355878623,102.236219049765\r\n-3.683594461144688,102.2363490673025\r\n-3.683638730853465,102.2365368487541\r\n-3.683682916826575,102.2367242778146\r\n-3.683665595820599,102.2369409713183\r\n-3.683709713110657,102.2371278431564\r\n-3.683753747126362,102.2373143650365\r\n-3.683797699259138,102.2375005382231\r\n-3.683780422126937,102.2377166091471\r\n-3.683824305057842,102.237902229542\r\n-3.684057503731561,102.2379100531977\r\n-3.684185481533997,102.2377636689652\r\n-3.684312993508542,102.2376178178396\r\n-3.684493131876726,102.2375282587364\r\n-3.68466887724874,102.2374818123737\r\n-3.684899452788031,102.2374485900517\r\n-3.685124973428069,102.2374579240159\r\n-3.685348868510875,102.2374671901991\r\n-3.685567792895569,102.23751840269\r\n-3.685839244254058,102.2375819022682\r\n-3.686054664663126,102.2376322944017\r\n-3.68626522681777,102.2377238557005\r\n-3.686474297326619,102.2378147682474\r\n-3.68673108661601,102.2379584055612\r\n-3.686884733996192,102.2380357635698\r\n-3.687137926913921,102.2381774267868\r\n-3.687337581869778,102.2383061731743\r\n-3.687586827018718,102.2384455536031\r\n-3.687735986175166,102.2385205054615\r\n-3.687931505173193,102.2386467320548\r\n-3.688178848233719,102.2387430413667\r\n-3.688371341163555,102.2388675316504\r\n-3.68851324521435,102.238980304726\r\n-3.688752394994278,102.2391139690616\r\n-3.68894098263574,102.2392359334831\r\n-3.689128293669486,102.239357072771\r\n-3.689362237753352,102.2394876887264\r\n-3.689499141321913,102.2395969101129\r\n-3.689682702318521,102.2397156243429\r\n-3.689868170142936,102.2397945862598\r\n-3.690049284000299,102.239911853991\r\n-3.690275543829916,102.2400380116852\r\n-3.690453968248399,102.2401536052915\r\n-3.69067689272031,102.2402778371328\r\n-3.690810386247091,102.2403442297777\r\n-3.690982243552341,102.2404958529789\r\n-3.691159101734094,102.2405704104327\r\n-3.691373226465156,102.2407292251273\r\n-3.691547534820646,102.2408024861226\r\n-3.69171769037805,102.2409129150626\r\n-3.691843077134449,102.2410140451452\r\n-3.692017358510314,102.2410483198359\r\n-3.692184518898771,102.2411569937168\r\n-3.692353610081404,102.2412277856252\r\n-3.692521628604986,102.2412981283974\r\n-3.692688584238553,102.2413680262196\r\n-3.692851519647475,102.2414743213679\r\n-3.693058184728837,102.2415512115853\r\n-3.693218815042429,102.2416561847513\r\n-3.693378442425525, 102.2417605021732\r\n-3.693540006626062,102.2418278202296\r\n-3.693697647400521,102.2419309581336\r\n-3.693894783601651,102.2420409355932\r\n-3.694090403053687,102.2421500668957\r\n-3.694207632698846,102.242207968562\r\n-3.694361178318883,102.2423086007198\r\n-3.694516663258093,102.2423729627474\r\n-3.694668334249339,102.2424724805599\r\n-3.69482194507348,102.2425359553452\r\n-3.694974627231357,102.2425990463718\r\n-3.695084977488667,102.2426901798729\r\n-3.69527440402915,102.2427592105437\r\n-3.695383417868926,102.2428494370782\r\n-3.695608430893383,102.2429240280764\r\n-3.696220789765135,102.2433097590455\r\n-3.696322852903883,102.243431414496\r\n-3.696385098420318,102.243580856564\r\n-3.696486424855538,102.2437014685379\r\n-3.696637391828924,102.2436566071916\r\n-3.696751417677021,102.2436060981233\r\n-3.696903596300595,102.2435277708276\r\n-3.697019207842251,102.2434439001559\r\n-3.697167114043508,102.2434002339726\r\n-3.697311444330947,102.2433905204488\r\n-3.69748729830483,102.2434204325457\r\n-3.697661894981617,102.2434501306713\r\n-3.697835247813463,102.243479617116\r\n-3.698007369975572,102.2435088941232\r\n-3.698141510285657,102.2435652951905\r\n-3.698274892618451,102.2436213775197\r\n-3.698443894225221,102.2436498879545\r\n-3.698611711330232,102.243678198465\r\n-3.698778356357405,102.2437063111494\r\n-3.698943841557322,102.2437342280762\r\n-3.699075402830601,102.243756422055\r\n-3.69920623549354,102.243778493059\r\n-3.699368761423175,102.24380591052\r\n-3.69953017007578,102.2438331394086\r\n-3.699623883314629,102.2438814925519\r\n-3.699751693706207,102.2439029644261\r\n-3.699878806592206,102.2439243190643\r\n-3.700002647877182,102.2439774006535\r\n-3.700128389251516,102.2439984371874\r\n-3.700250884034237,102.2440510305402\r\n-3.700375276693043,102.2440717546939\r\n-3.700498999667553,102.2440923672235\r\n-3.700800081018918,102.2442164834129\r\n-3.699632966862914,102.2504992260155\r\n-3.696713637529286,102.2660231620119\r\n-3.689644480934433,102.2810843296525', '-3.689644480934433,102.2810843296525'),
(4, '-3.618539223091427,102.2549981926023\r\n-3.616009259861449,102.2489205641882\r\n-3.613118220394945,102.2374707566662\r\n-3.61010446016326,102.2242786302632\r\n-3.608653144463673,102.2192035790013\r\n-3.628927283495246,102.2129613083152\r\n-3.64690859935475,102.2095541505557\r\n-3.651428837527037,102.2067649171693\r\n-3.653385436989848,102.2056960818324\r\n-3.653453413970566,102.2056720385526\r\n-3.653501195634547,102.2056236660718\r\n-3.653550423702381,102.2055559892353\r\n-3.653619411634069,102.2055128932883\r\n-3.65361166135957,102.2056097894788\r\n-3.653649791570131,102.2056778180002\r\n-3.654047657606632,102.2058526739827\r\n-3.654236589567053,102.2058966010673\r\n-3.654273756371622,102.2060314287912\r\n-3.654307572279203,102.2062073311273\r\n-3.654488411062154,102.2063323876107\r\n-3.654621738949638,102.2064462554196\r\n-3.654658402124229,102.2065798527637\r\n-3.654505519589795,102.2067130605923\r\n-3.654489082019887,102.2069186513759\r\n-3.654572490896846,102.2070621788449\r\n-3.654768083256817,102.2069795230975\r\n-3.654952801288434,102.2070198240821\r\n-3.655087412399871,102.2070906534051\r\n-3.655165993212467,102.2072733529884\r\n-3.655149715746451,102.2074768119464\r\n-3.655325748907037,102.2075966587709\r\n-3.655507295514094,102.2076349131764\r\n-3.655629876006898,102.2078250065563\r\n-3.655758404950987,102.2079337169837\r\n-3.65583520741962,102.2081132668334\r\n-3.655777488349742,102.2082651916507\r\n-3.655632937066182,102.2083590100414\r\n-3.655623246127283,102.2084800713769\r\n-3.655799765476888,102.2085559582166\r\n-3.655927505786482,102.2086628043307\r\n-3.656099156466353,102.2087778883882\r\n-3.656175023215334,102.208955188834\r\n-3.656159006040792,102.2091551713513\r\n-3.656190469186104,102.2093234402087\r\n-3.656218689656511,102.2095314188565\r\n-3.656297380173506,102.2096673250884\r\n-3.656416611200222,102.2098505932715\r\n-3.65658543933121,102.2099614756879\r\n-3.65675018952888,102.2101113547231\r\n-3.656873965390314,102.2102133596295\r\n-3.65699408433683,102.2103543872016\r\n-3.657067582591611,102.2105268480324\r\n-3.65718376276814,102.2107060776224\r\n-3.657210840045676,102.2109096588343\r\n-3.657286898912738,102.2110414691134\r\n-3.657359614323454,102.2112120952127\r\n-3.657432135994044,102.211382267243\r\n-3.657507597603946,102.2115129254776\r\n-3.657579730197512,102.2116822470783\r\n-3.657654796643102,102.2118121625457\r\n-3.657768584029558,102.2119869526295\r\n-3.657888148894156,102.2120834464039\r\n-3.658004135690167,102.2122182871738\r\n-3.658119666421197,102.2123525980305\r\n-3.658234743884608,102.212486382118\r\n-3.658390568646133,102.2126254738519\r\n-3.658507675851412,102.2127197184481\r\n-3.658665160339956,102.212819275667\r\n-3.658778134854557,102.2129509409986\r\n-3.658890670996521,102.2130820956523\r\n-3.659043098119426,102.2132181289531\r\n-3.659191692761736,102.2133914152741\r\n-3.659262658638316,102.2135156277092\r\n-3.659370285205823,102.2136824335316\r\n-3.659437758553014,102.2138436554444\r\n-3.659544704206118,102.214009297654\r\n-3.659614764627745,102.2141319262344\r\n-3.659681623206571,102.2142918526869\r\n-3.659748310850298,102.2144513706228\r\n-3.65985405048392,102.2146149043145\r\n-3.659959387269558,102.2147778152576\r\n-3.660067326223043,102.2149027596245\r\n-3.660174855986291,102.2150272305475\r\n-3.660278987141327,102.2151884364418\r\n-3.660385710987226,102.21531189807\r\n-3.660530363613843,102.2154387489025\r\n-3.660674292209242,102.2155649650395\r\n-3.660779541663918,102.2156868729551\r\n-3.660922221720063,102.2158119207417\r\n-3.661067145496832,102.2158996516494\r\n-3.661208405637421,102.216023552606\r\n-3.661271417545488,102.2161766700373\r\n-3.661411649141915,102.2162994274867\r\n-3.661517101580063,102.2163819983952\r\n-3.661616315085462,102.216536930897\r\n-3.661678358581311,102.2166882853571\r\n-3.661779885982154,102.2168059565273\r\n-3.66187521803611,102.2169955030941\r\n-3.661981823495325,102.2170400041485\r\n-3.662124325151393,102.21708708633\r\n-3.662227129215862,102.2171671652218\r\n-3.662323780562983,102.2173186885973\r\n-3.66242007988822,102.2174696600713\r\n-3.66251890764338,102.2175843456955\r\n-3.662685630414098,102.2179215077687\r\n-3.662862302059147,102.2180853004152\r\n-3.662991706187472,102.2182382579852\r\n-3.663166675143357,102.2184003810714\r\n-3.663248903290753,102.2185422697465\r\n-3.663376703421655,102.2186933319456\r\n-3.66350397508127,102.2188437701149\r\n-3.663676096646369,102.2190028964383\r\n-3.663798908169323,102.2191923879825\r\n-3.663969400617973,102.2193498014782\r\n-3.664094245348059,102.2194974615374\r\n-3.664263124557223,102.219653297472\r\n-3.664386778072307,102.2197996387787\r\n-3.664557264320622,102.2199140031558\r\n-3.664632581375558,102.2200905416371\r\n-3.664754736833928,102.220235110332\r\n-3.664920023489567,102.2203872873664\r\n-3.665041026385234,102.2205305798155\r\n-3.665207938432872,102.2206417663485\r\n-3.665281576176503,102.2208154407946\r\n-3.665401128708663,102.220957016211\r\n-3.665520203599501102.2210980261632\r\n-3.665968410133651, 102.221415330499\r\n-3.660207851062013,102.2310173982996\r\n-3.656780034735669,102.2385943746846\r\n-3.65331311534738,102.2500519026003\r\n-3.646167048693318,102.2586514713435\r\n-3.638179512585795,102.2607223173563\r\n-3.63015267589405,102.2619977215021\r\n-3.618539223091427,102.2549981926023\r\n', '-3.618539223091427,102.2549981926023');

-- --------------------------------------------------------

--
-- Struktur dari tabel `tb_tahun`
--

CREATE TABLE `tb_tahun` (
  `id_tahun` int(4) NOT NULL,
  `tahun` year(4) NOT NULL
) ENGINE=InnoDB DEFAULT CHARSET=latin1;

--
-- Dumping data untuk tabel `tb_tahun`
--

INSERT INTO `tb_tahun` (`id_tahun`, `tahun`) VALUES
(1, 2016),
(2, 2017),
(3, 2018);

-- --------------------------------------------------------

--
-- Struktur dari tabel `tb_tgelombang`
--

CREATE TABLE `tb_tgelombang` (
  `id_tgelombang` int(2) NOT NULL,
  `nm_tgelombang` varchar(11) NOT NULL,
  `bbt_tgelombang` double NOT NULL
) ENGINE=InnoDB DEFAULT CHARSET=latin1;

--
-- Dumping data untuk tabel `tb_tgelombang`
--

INSERT INTO `tb_tgelombang` (`id_tgelombang`, `nm_tgelombang`, `bbt_tgelombang`) VALUES
(1, '< 1m', 9.99),
(2, '1 - 2.5 m', 19.98),
(3, '> 2.5 m', 30);

-- --------------------------------------------------------

--
-- Struktur dari tabel `tb_tipopantai`
--

CREATE TABLE `tb_tipopantai` (
  `id_tipopantai` int(2) NOT NULL,
  `nm_tipopantai` varchar(20) NOT NULL,
  `bbt_tipopantai` double NOT NULL
) ENGINE=InnoDB DEFAULT CHARSET=latin1;

--
-- Dumping data untuk tabel `tb_tipopantai`
--

INSERT INTO `tb_tipopantai` (`id_tipopantai`, `nm_tipopantai`, `bbt_tipopantai`) VALUES
(1, 'berbatu karang', 3.33),
(2, 'berbatu pasir', 6.66),
(3, 'Berlumpur', 10);

-- --------------------------------------------------------

--
-- Struktur dari tabel `tb_user`
--

CREATE TABLE `tb_user` (
  `id_user` int(2) NOT NULL,
  `nm_user` varchar(32) NOT NULL,
  `pw_user` varchar(32) NOT NULL
) ENGINE=InnoDB DEFAULT CHARSET=latin1;

--
-- Dumping data untuk tabel `tb_user`
--

INSERT INTO `tb_user` (`id_user`, `nm_user`, `pw_user`) VALUES
(1, 'admin', '21232f297a57a5a743894a0e4a801fc3');

-- --------------------------------------------------------

--
-- Struktur dari tabel `tb_vegetasi`
--

CREATE TABLE `tb_vegetasi` (
  `id_vegetasi` int(11) NOT NULL,
  `nm_vegetasi` varchar(11) NOT NULL,
  `bbt_vegetasi` double NOT NULL
) ENGINE=InnoDB DEFAULT CHARSET=latin1;

--
-- Dumping data untuk tabel `tb_vegetasi`
--

INSERT INTO `tb_vegetasi` (`id_vegetasi`, `nm_vegetasi`, `bbt_vegetasi`) VALUES
(1, '> 80%', 4.99),
(2, '40 - 80%', 9.99),
(3, '< 40%', 15);

--
-- Indexes for dumped tables
--

--
-- Indeks untuk tabel `tb_arus`
--
ALTER TABLE `tb_arus`
  ADD PRIMARY KEY (`id_arus`);

--
-- Indeks untuk tabel `tb_datates`
--
ALTER TABLE `tb_datates`
  ADD PRIMARY KEY (`id_dtes`),
  ADD KEY `id_kawasan` (`id_kawasan`,`id_tahun`,`id_tgelombang`,`id_arus`,`id_vegetasi`,`id_garispantai`,`id_tipopantai`,`id_indikator`),
  ADD KEY `id_indikator` (`id_indikator`),
  ADD KEY `id_tgelombang` (`id_tgelombang`),
  ADD KEY `id_tipopantai` (`id_tipopantai`),
  ADD KEY `id_vegetasi` (`id_vegetasi`),
  ADD KEY `id_arus` (`id_arus`),
  ADD KEY `id_garispantai` (`id_garispantai`);

--
-- Indeks untuk tabel `tb_dtlatih`
--
ALTER TABLE `tb_dtlatih`
  ADD PRIMARY KEY (`id_dataset`),
  ADD KEY `id_kawasan_2` (`id_kawasan`,`id_tgelombang`,`id_arus`,`id_vegetasi`,`id_garispantai`,`id_tipopantai`,`id_indikator`),
  ADD KEY `id_kawasan_3` (`id_kawasan`),
  ADD KEY `id_tgelombang` (`id_tgelombang`),
  ADD KEY `id_indikator` (`id_indikator`),
  ADD KEY `id_tipopantai` (`id_tipopantai`),
  ADD KEY `id_vegetasi` (`id_vegetasi`),
  ADD KEY `id_arus` (`id_arus`),
  ADD KEY `id_garispantai` (`id_garispantai`),
  ADD KEY `id_kawasan` (`id_kawasan`,`id_tgelombang`,`id_arus`,`id_vegetasi`,`id_garispantai`,`id_tipopantai`,`id_indikator`) USING BTREE,
  ADD KEY `id_tahun` (`id_tahun`);

--
-- Indeks untuk tabel `tb_garispantai`
--
ALTER TABLE `tb_garispantai`
  ADD PRIMARY KEY (`id_garispantai`);

--
-- Indeks untuk tabel `tb_histori`
--
ALTER TABLE `tb_histori`
  ADD PRIMARY KEY (`id_histori`),
  ADD KEY `id_kawasan` (`id_kawasan`,`id_tahun`,`id_tgelombang`,`id_arus`,`id_vegetasi`,`id_garispantai`,`id_tipopantai`,`id_indikator`);

--
-- Indeks untuk tabel `tb_indikator`
--
ALTER TABLE `tb_indikator`
  ADD PRIMARY KEY (`id_indikator`);

--
-- Indeks untuk tabel `tb_kawasan`
--
ALTER TABLE `tb_kawasan`
  ADD PRIMARY KEY (`id_kawasan`);

--
-- Indeks untuk tabel `tb_kecamatan`
--
ALTER TABLE `tb_kecamatan`
  ADD PRIMARY KEY (`id_kecamatan`);

--
-- Indeks untuk tabel `tb_pemetaan`
--
ALTER TABLE `tb_pemetaan`
  ADD PRIMARY KEY (`id_kawasan`);

--
-- Indeks untuk tabel `tb_tahun`
--
ALTER TABLE `tb_tahun`
  ADD PRIMARY KEY (`id_tahun`);

--
-- Indeks untuk tabel `tb_tgelombang`
--
ALTER TABLE `tb_tgelombang`
  ADD PRIMARY KEY (`id_tgelombang`);

--
-- Indeks untuk tabel `tb_tipopantai`
--
ALTER TABLE `tb_tipopantai`
  ADD PRIMARY KEY (`id_tipopantai`);

--
-- Indeks untuk tabel `tb_user`
--
ALTER TABLE `tb_user`
  ADD PRIMARY KEY (`id_user`);

--
-- Indeks untuk tabel `tb_vegetasi`
--
ALTER TABLE `tb_vegetasi`
  ADD PRIMARY KEY (`id_vegetasi`);

--
-- AUTO_INCREMENT untuk tabel yang dibuang
--

--
-- AUTO_INCREMENT untuk tabel `tb_arus`
--
ALTER TABLE `tb_arus`
  MODIFY `id_arus` int(2) NOT NULL AUTO_INCREMENT, AUTO_INCREMENT=4;

--
-- AUTO_INCREMENT untuk tabel `tb_datates`
--
ALTER TABLE `tb_datates`
  MODIFY `id_dtes` int(5) NOT NULL AUTO_INCREMENT, AUTO_INCREMENT=21;

--
-- AUTO_INCREMENT untuk tabel `tb_dtlatih`
--
ALTER TABLE `tb_dtlatih`
  MODIFY `id_dataset` int(5) NOT NULL AUTO_INCREMENT, AUTO_INCREMENT=24;

--
-- AUTO_INCREMENT untuk tabel `tb_garispantai`
--
ALTER TABLE `tb_garispantai`
  MODIFY `id_garispantai` int(2) NOT NULL AUTO_INCREMENT, AUTO_INCREMENT=4;

--
-- AUTO_INCREMENT untuk tabel `tb_histori`
--
ALTER TABLE `tb_histori`
  MODIFY `id_histori` int(11) NOT NULL AUTO_INCREMENT;

--
-- AUTO_INCREMENT untuk tabel `tb_indikator`
--
ALTER TABLE `tb_indikator`
  MODIFY `id_indikator` int(2) NOT NULL AUTO_INCREMENT, AUTO_INCREMENT=4;

--
-- AUTO_INCREMENT untuk tabel `tb_kawasan`
--
ALTER TABLE `tb_kawasan`
  MODIFY `id_kawasan` int(3) NOT NULL AUTO_INCREMENT, AUTO_INCREMENT=5;

--
-- AUTO_INCREMENT untuk tabel `tb_kecamatan`
--
ALTER TABLE `tb_kecamatan`
  MODIFY `id_kecamatan` int(5) NOT NULL AUTO_INCREMENT, AUTO_INCREMENT=2;

--
-- AUTO_INCREMENT untuk tabel `tb_pemetaan`
--
ALTER TABLE `tb_pemetaan`
  MODIFY `id_kawasan` int(3) NOT NULL AUTO_INCREMENT, AUTO_INCREMENT=5;

--
-- AUTO_INCREMENT untuk tabel `tb_tahun`
--
ALTER TABLE `tb_tahun`
  MODIFY `id_tahun` int(4) NOT NULL AUTO_INCREMENT, AUTO_INCREMENT=4;

--
-- AUTO_INCREMENT untuk tabel `tb_tgelombang`
--
ALTER TABLE `tb_tgelombang`
  MODIFY `id_tgelombang` int(2) NOT NULL AUTO_INCREMENT, AUTO_INCREMENT=4;

--
-- AUTO_INCREMENT untuk tabel `tb_tipopantai`
--
ALTER TABLE `tb_tipopantai`
  MODIFY `id_tipopantai` int(2) NOT NULL AUTO_INCREMENT, AUTO_INCREMENT=4;

--
-- AUTO_INCREMENT untuk tabel `tb_user`
--
ALTER TABLE `tb_user`
  MODIFY `id_user` int(2) NOT NULL AUTO_INCREMENT, AUTO_INCREMENT=2;

--
-- AUTO_INCREMENT untuk tabel `tb_vegetasi`
--
ALTER TABLE `tb_vegetasi`
  MODIFY `id_vegetasi` int(11) NOT NULL AUTO_INCREMENT, AUTO_INCREMENT=4;

--
-- Ketidakleluasaan untuk tabel pelimpahan (Dumped Tables)
--

--
-- Ketidakleluasaan untuk tabel `tb_datates`
--
ALTER TABLE `tb_datates`
  ADD CONSTRAINT `tb_datates_ibfk_1` FOREIGN KEY (`id_indikator`) REFERENCES `tb_indikator` (`id_indikator`),
  ADD CONSTRAINT `tb_datates_ibfk_2` FOREIGN KEY (`id_tgelombang`) REFERENCES `tb_tgelombang` (`id_tgelombang`),
  ADD CONSTRAINT `tb_datates_ibfk_3` FOREIGN KEY (`id_tipopantai`) REFERENCES `tb_tipopantai` (`id_tipopantai`),
  ADD CONSTRAINT `tb_datates_ibfk_4` FOREIGN KEY (`id_vegetasi`) REFERENCES `tb_vegetasi` (`id_vegetasi`),
  ADD CONSTRAINT `tb_datates_ibfk_5` FOREIGN KEY (`id_arus`) REFERENCES `tb_arus` (`id_arus`),
  ADD CONSTRAINT `tb_datates_ibfk_6` FOREIGN KEY (`id_garispantai`) REFERENCES `tb_garispantai` (`id_garispantai`),
  ADD CONSTRAINT `tb_datates_ibfk_7` FOREIGN KEY (`id_kawasan`) REFERENCES `tb_kawasan` (`id_kawasan`);

--
-- Ketidakleluasaan untuk tabel `tb_dtlatih`
--
ALTER TABLE `tb_dtlatih`
  ADD CONSTRAINT `tb_dtlatih_ibfk_1` FOREIGN KEY (`id_tgelombang`) REFERENCES `tb_tgelombang` (`id_tgelombang`),
  ADD CONSTRAINT `tb_dtlatih_ibfk_2` FOREIGN KEY (`id_indikator`) REFERENCES `tb_indikator` (`id_indikator`),
  ADD CONSTRAINT `tb_dtlatih_ibfk_3` FOREIGN KEY (`id_tipopantai`) REFERENCES `tb_tipopantai` (`id_tipopantai`),
  ADD CONSTRAINT `tb_dtlatih_ibfk_4` FOREIGN KEY (`id_vegetasi`) REFERENCES `tb_vegetasi` (`id_vegetasi`),
  ADD CONSTRAINT `tb_dtlatih_ibfk_5` FOREIGN KEY (`id_arus`) REFERENCES `tb_arus` (`id_arus`),
  ADD CONSTRAINT `tb_dtlatih_ibfk_6` FOREIGN KEY (`id_garispantai`) REFERENCES `tb_garispantai` (`id_garispantai`),
  ADD CONSTRAINT `tb_dtlatih_ibfk_7` FOREIGN KEY (`id_kawasan`) REFERENCES `tb_kawasan` (`id_kawasan`);

--
-- Ketidakleluasaan untuk tabel `tb_pemetaan`
--
ALTER TABLE `tb_pemetaan`
  ADD CONSTRAINT `tb_pemetaan_ibfk_1` FOREIGN KEY (`id_kawasan`) REFERENCES `tb_kawasan` (`id_kawasan`);
COMMIT;

/*!40101 SET CHARACTER_SET_CLIENT=@OLD_CHARACTER_SET_CLIENT */;
/*!40101 SET CHARACTER_SET_RESULTS=@OLD_CHARACTER_SET_RESULTS */;
/*!40101 SET COLLATION_CONNECTION=@OLD_COLLATION_CONNECTION */;
